table,page
table_1.csv,159
table_2.csv,160
table_3.csv,160
table_4.csv,161
table_5.csv,162
table_6.csv,163
table_7.csv,171
table_8.csv,173
table_9.csv,174
table_10.csv,175
table_11.csv,178
table_12.csv,178
table_13.csv,178
table_14.csv,178
table_15.csv,178
table_16.csv,178
table_17.csv,179
table_18.csv,179
table_19.csv,179
table_20.csv,179
table_21.csv,179
table_22.csv,179
table_23.csv,180
table_24.csv,180
table_25.csv,180
table_26.csv,180
table_27.csv,180
table_28.csv,180
table_29.csv,181
table_30.csv,181
table_31.csv,181
table_32.csv,181
table_33.csv,181
table_34.csv,181
table_35.csv,182
table_36.csv,182
table_37.csv,182
table_38.csv,182
table_39.csv,182
table_40.csv,182
table_41.csv,182
table_42.csv,183
table_43.csv,184
table_44.csv,185
table_45.csv,186
table_46.csv,187
table_47.csv,188
table_48.csv,189
table_49.csv,190
table_50.csv,191
table_51.csv,192
table_52.csv,192
table_53.csv,193
table_54.csv,194
table_55.csv,195
table_56.csv,196
table_57.csv,197
table_58.csv,198
table_59.csv,203
table_60.csv,203
table_61.csv,204
table_62.csv,205
table_63.csv,206
table_64.csv,212
table_65.csv,214
table_66.csv,215
table_67.csv,216
table_68.csv,219
table_69.csv,219
table_70.csv,219
table_71.csv,219
table_72.csv,219
table_73.csv,219
table_74.csv,220
table_75.csv,220
table_76.csv,220
table_77.csv,220
table_78.csv,220
table_79.csv,220
table_80.csv,221
table_81.csv,221
table_82.csv,221
table_83.csv,221
table_84.csv,221
table_85.csv,221
table_86.csv,222
table_87.csv,222
table_88.csv,222
table_89.csv,222
table_90.csv,222
table_91.csv,222
table_92.csv,223
table_93.csv,223
table_94.csv,223
table_95.csv,223
table_96.csv,223
table_97.csv,223
table_98.csv,223
table_99.csv,224
table_100.csv,225
table_101.csv,226
table_102.csv,227
table_103.csv,228
table_104.csv,229
table_105.csv,230
table_106.csv,231
table_107.csv,232
table_108.csv,233
table_109.csv,233
table_110.csv,234
table_111.csv,234
table_112.csv,235
table_113.csv,236
table_114.csv,237
table_115.csv,238
table_116.csv,239
